"Guid","Name","PHONE__c"
274c0b97-5b36-45f9-a405-e0ea4f8ea564,custom8,8
5798ae91-ff37-4bc6-8c4b-0a1501b91546,custom9,9
70ab85cc-1b51-4d00-981d-e1e91e5b1ea4,custom10,10
7c0e4719-0c47-47f8-b95f-51c1cb4c8136,custom3,3
851d22a3-de40-42ff-af06-d9f198e1062c,custom2,2
9bd16db6-92eb-46fe-9dd8-c790f03867f9,custom6,6
b159367b-e34e-4644-bdb0-5f40db505921,Custom1,1
f3c9f085-618b-4cac-ac61-72aa8c06203a,custom5,5
f5f833f3-eacd-4a20-87c1-e6ed69ddad1f,custom4,4
fa09c36e-f0b5-4681-ae67-aece14dd1bfc,custom7,7
